{
    "name": "root",
    "gauges": {
        "GAILAgent.Policy.Entropy.mean": {
            "value": 0.8006700277328491,
            "min": 0.512485682964325,
            "max": 1.4528131484985352,
            "count": 19
        },
        "GAILAgent.Environment.EpisodeLength.mean": {
            "value": 23.865671641791046,
            "min": 22.990384615384617,
            "max": 23.96029776674938,
            "count": 19
        },
        "GAILAgent.Policy.ExtrinsicValueEstimate.mean": {
            "value": 0.2308681756258011,
            "min": 0.056955285370349884,
            "max": 0.2556479275226593,
            "count": 19
        },
        "GAILAgent.Policy.GailValueEstimate.mean": {
            "value": 32.63869094848633,
            "min": 21.68173599243164,
            "max": 35.63741683959961,
            "count": 19
        },
        "GAILAgent.Environment.CumulativeReward.mean": {
            "value": 0.39096174339546047,
            "min": 0.08776628929190337,
            "max": 0.3971341547215494,
            "count": 19
        },
        "GAILAgent.Policy.ExtrinsicReward.mean": {
            "value": 0.39096174339546047,
            "min": 0.08776628929190337,
            "max": 0.3971341547215494,
            "count": 19
        },
        "GAILAgent.Policy.GailReward.mean": {
            "value": 8.253337235000004,
            "min": 8.013079006497453,
            "max": 8.75553036030428,
            "count": 19
        },
        "GAILAgent.Losses.PolicyLoss.mean": {
            "value": 0.24340155063586155,
            "min": 0.23916654542941498,
            "max": 0.24955236098951977,
            "count": 19
        },
        "GAILAgent.Losses.ValueLoss.mean": {
            "value": 0.27757865742743815,
            "min": 0.2578027155074069,
            "max": 1.9247926071047492,
            "count": 19
        },
        "GAILAgent.Policy.LearningRate.mean": {
            "value": 0.00024450736849755,
            "min": 0.00024450736849755,
            "max": 0.00029848215050594997,
            "count": 19
        },
        "GAILAgent.Policy.Epsilon.mean": {
            "value": 0.18150245,
            "min": 0.18150245,
            "max": 0.19949405000000003,
            "count": 19
        },
        "GAILAgent.Policy.Beta.mean": {
            "value": 0.000409362005,
            "min": 0.000409362005,
            "max": 0.000497520845,
            "count": 19
        },
        "GAILAgent.Policy.GAILPolicyEstimate.mean": {
            "value": 0.4607178818462698,
            "min": 0.44526083769342595,
            "max": 0.4713131629078298,
            "count": 19
        },
        "GAILAgent.Policy.GAILExpertEstimate.mean": {
            "value": 0.5417591087463679,
            "min": 0.5364984587954377,
            "max": 0.5498938254165611,
            "count": 19
        },
        "GAILAgent.Losses.GAILLoss.mean": {
            "value": 1.2761117101449406,
            "min": 1.2534785425535055,
            "max": 1.3021674878911076,
            "count": 19
        },
        "GAILAgent.Policy.GAILGradMagLoss.mean": {
            "value": 0.06001544788379918,
            "min": 0.05886118474712533,
            "max": 0.3802644248530108,
            "count": 19
        },
        "GAILAgent.IsTraining.mean": {
            "value": 1.0,
            "min": 1.0,
            "max": 1.0,
            "count": 19
        }
    },
    "metadata": {
        "timer_format_version": "0.1.0",
        "start_time_seconds": "1619402029",
        "python_version": "3.7.9 (tags/v3.7.9:13c94747c7, Aug 17 2020, 18:58:18) [MSC v.1900 64 bit (AMD64)]",
        "command_line_arguments": "D:\\University_folder\\Year 3\\Final year project_term2\\Project_unity\\FInal_Year_Project_JZ7767a\\venv\\Scripts\\mlagents-learn config/GAIL.yaml --run-id=GAILAgent_0",
        "mlagents_version": "0.23.0",
        "mlagents_envs_version": "0.23.0",
        "communication_protocol_version": "1.3.0",
        "pytorch_version": "1.7.0+cu110",
        "numpy_version": "1.18.5",
        "end_time_seconds": "1619403303"
    },
    "total": 1273.2553963,
    "count": 1,
    "self": 0.0069783000001280016,
    "children": {
        "run_training.setup": {
            "total": 0.008395699999999895,
            "count": 1,
            "self": 0.008395699999999895
        },
        "TrainerController.start_learning": {
            "total": 1273.2400223,
            "count": 1,
            "self": 5.092820000028496,
            "children": {
                "TrainerController._reset_env": {
                    "total": 11.307775600000001,
                    "count": 1,
                    "self": 11.0520679,
                    "children": {
                        "demo_to_buffer": {
                            "total": 0.2557077000000003,
                            "count": 1,
                            "self": 0.0005275000000022345,
                            "children": {
                                "load_demonstration": {
                                    "total": 0.0038036999999988552,
                                    "count": 1,
                                    "self": 0.003705199999998854,
                                    "children": {
                                        "read_file": {
                                            "total": 9.850000000000136e-05,
                                            "count": 1,
                                            "self": 9.850000000000136e-05
                                        }
                                    }
                                },
                                "make_demo_buffer": {
                                    "total": 0.2513764999999992,
                                    "count": 1,
                                    "self": 0.06264399999997394,
                                    "children": {
                                        "steps_from_proto": {
                                            "total": 0.18873250000002528,
                                            "count": 1516,
                                            "self": 0.11976860000008926,
                                            "children": {
                                                "_process_vector_observation": {
                                                    "total": 0.06896389999993602,
                                                    "count": 3032,
                                                    "self": 0.06896389999993602
                                                }
                                            }
                                        }
                                    }
                                }
                            }
                        }
                    }
                },
                "TrainerController.advance": {
                    "total": 1256.7412237999713,
                    "count": 192217,
                    "self": 2.7069555999319164,
                    "children": {
                        "env_step": {
                            "total": 1254.0342682000394,
                            "count": 192217,
                            "self": 983.5613776000102,
                            "children": {
                                "SubprocessEnvManager._take_step": {
                                    "total": 267.73184380002476,
                                    "count": 192217,
                                    "self": 9.642878300024677,
                                    "children": {
                                        "TorchPolicy.evaluate": {
                                            "total": 258.0889655000001,
                                            "count": 192217,
                                            "self": 65.52889379998271,