{
    "name": "root",
    "gauges": {
        "RLAgent.Policy.Entropy.mean": {
            "value": 0.21065719425678253,
            "min": 0.21065719425678253,
            "max": 1.4541970491409302,
            "count": 3
        },
        "RLAgent.Environment.EpisodeLength.mean": {
            "value": 22.469483568075116,
            "min": 22.469483568075116,
            "max": 23.98004987531172,
            "count": 3
        },
        "RLAgent.Policy.ExtrinsicValueEstimate.mean": {
            "value": 0.4581863284111023,
            "min": 0.07838316261768341,
            "max": 0.4581863284111023,
            "count": 3
        },
        "RLAgent.Environment.CumulativeReward.mean": {
            "value": 0.5825022068885789,
            "min": 0.14068051525886405,
            "max": 0.5825022068885789,
            "count": 3
        },
        "RLAgent.Policy.ExtrinsicReward.mean": {
            "value": 0.5825022068885789,
            "min": 0.14068051525886405,
            "max": 0.5825022068885789,
            "count": 3
        },
        "RLAgent.Losses.PolicyLoss.mean": {
            "value": 0.2430159532041806,
            "min": 0.2430159532041806,
            "max": 0.24911068654019902,
            "count": 3
        },
        "RLAgent.Losses.ValueLoss.mean": {
            "value": 0.09168838478932978,
            "min": 0.010401400228718357,
            "max": 0.09168838478932978,
            "count": 3
        },
        "RLAgent.Policy.LearningRate.mean": {
            "value": 0.0002924779754485188,
            "min": 0.0002924779754485188,
            "max": 0.0002984814680061775,
            "count": 3
        },
        "RLAgent.Policy.Epsilon.mean": {
            "value": 0.19749265764705884,
            "min": 0.19749265764705884,
            "max": 0.19949382250000003,
            "count": 3
        },
        "RLAgent.Policy.Beta.mean": {
            "value": 0.00048771402247058826,
            "min": 0.00048771402247058826,
            "max": 0.00049751973025,
            "count": 3
        },
        "RLAgent.IsTraining.mean": {
            "value": 1.0,
            "min": 1.0,
            "max": 1.0,
            "count": 3
        }
    },
    "metadata": {
        "timer_format_version": "0.1.0",
        "start_time_seconds": "1619374180",
        "python_version": "3.7.9 (tags/v3.7.9:13c94747c7, Aug 17 2020, 18:58:18) [MSC v.1900 64 bit (AMD64)]",
        "command_line_arguments": "D:\\University_folder\\Year 3\\Final year project_term2\\Project_unity\\FInal_Year_Project_JZ7767a\\venv\\Scripts\\mlagents-learn config/RL.yaml --run-id=RLAgent_4",
        "mlagents_version": "0.23.0",
        "mlagents_envs_version": "0.23.0",
        "communication_protocol_version": "1.3.0",
        "pytorch_version": "1.7.0+cu110",
        "numpy_version": "1.18.5",
        "end_time_seconds": "1619374381"
    },
    "total": 201.0013979,
    "count": 1,
    "self": 0.006156100000026754,
    "children": {
        "run_training.setup": {
            "total": 0.007964799999999994,
            "count": 1,
            "self": 0.007964799999999994
        },
        "TrainerController.start_learning": {
            "total": 200.98727699999998,
            "count": 1,
            "self": 0.8472397000006424,
            "children": {
                "TrainerController._reset_env": {
                    "total": 6.471851900000001,
                    "count": 1,
                    "self": 6.471851900000001
                },
                "TrainerController.advance": {
                    "total": 193.57875599999937,
                    "count": 33291,
                    "self": 0.42137669999829086,
                    "children": {
                        "env_step": {
                            "total": 193.15737930000108,
                            "count": 33291,
                            "self": 153.6483138999999,
                            "children": {
                                "SubprocessEnvManager._take_step": {
                                    "total": 39.07543470000017,
                                    "count": 33291,
                                    "self": 1.4958104000009342,
                                    "children": {
                                        "TorchPolicy.evaluate": {
                                            "total": 37.57962429999924,
                                            "count": 33291,
                                            "self": 9.925572600000837,
                                            "children": {
                                                "TorchPolicy.sample_actions": {
                                                    "total": 27.6540516999984,
                                                    "count": 33291,
                                                    "self": 27.6540516999984
                                                }
                                            }
                                        }
                                    }
                                },
                                "workers": {
                                    "total": 0.43363070000101267,
                                    "count": 33290,
                                    "self": 0.0,
                                    "children": {
                                        "worker_root": {
                                            "total": 193.54784070000184,
                                            "count": 33290,
                                            "is_parallel": true,
                                            "self": 69.53599040000307,
                                            "children": {
                                                "steps_from_proto": {
                                                    "total": 0.0003188999999998998,
                                                    "count": 1,
                                                    "is_parallel": true,
                                                    "self": 0.00015500000000123748,
                                                    "children": {
                                                        "_process_vector_observation": {
                                                            "total": 0.00016389999999866234,
                                                            "count": 2,
                                                            "is_parallel": true,
                                                            "self": 0.00016389999999866234
                                                        }
                                                    }
                                                },
                                                "UnityEnvironment.step": {
                                                    "total": 124.01153139999877,
                                                    "count": 33290,
                                                    "is_parallel": true,
                                                    "self": 2.483466300000572,
                                                    "children": {
                                                        "UnityEnvironment._generate_step_input": {
                                                            "total": 2.0448729000000005,
                                                            "count": 33290,
                                                            "is_parallel": true,
                                                            "self": 2.0448729000000005
                                                        },
                                                        "communicator.exchange": {
                                                            "total": 111.95448779999829,
                                                            "count": 33290,