{
    "name": "root",
    "gauges": {
        "RLAgent.Policy.Entropy.mean": {
            "value": 0.430630087852478,
            "min": 0.2660764753818512,
            "max": 1.5020782947540283,
            "count": 15
        },
        "RLAgent.Environment.EpisodeLength.mean": {
            "value": 23.8681592039801,
            "min": 23.547911547911546,
            "max": 24.0,
            "count": 15
        },
        "RLAgent.Policy.ExtrinsicValueEstimate.mean": {
            "value": 3.230106830596924,
            "min": 1.2155932188034058,
            "max": 3.264601469039917,
            "count": 15
        },
        "RLAgent.Environment.CumulativeReward.mean": {
            "value": 5.269545580691366,
            "min": 2.269211272448301,
            "max": 5.325038150658928,
            "count": 15
        },
        "RLAgent.Policy.ExtrinsicReward.mean": {
            "value": 5.269545580691366,
            "min": 2.269211272448301,
            "max": 5.325038150658928,
            "count": 15
        },
        "RLAgent.Losses.PolicyLoss.mean": {
            "value": 0.2386163449479158,
            "min": 0.23609757582555885,
            "max": 0.25063144165916523,
            "count": 15
        },
        "RLAgent.Losses.ValueLoss.mean": {
            "value": 0.9554132232068557,
            "min": 0.7306397691343187,
            "max": 1.26115360896496,
            "count": 15
        },
        "RLAgent.Policy.LearningRate.mean": {
            "value": 0.0002564961782512787,
            "min": 0.0002564961782512787,
            "max": 0.00029848143050619,
            "count": 15
        },
        "RLAgent.Policy.Epsilon.mean": {
            "value": 0.18549872125000003,
            "min": 0.18549872125000003,
            "max": 0.19949381000000002,
            "count": 15
        },
        "RLAgent.Policy.Beta.mean": {
            "value": 0.00042894373412500004,
            "min": 0.00042894373412500004,
            "max": 0.000497519669,
            "count": 15
        },
        "RLAgent.IsTraining.mean": {
            "value": 1.0,
            "min": 1.0,
            "max": 1.0,
            "count": 15
        }
    },
    "metadata": {
        "timer_format_version": "0.1.0",
        "start_time_seconds": "1619371402",
        "python_version": "3.7.9 (tags/v3.7.9:13c94747c7, Aug 17 2020, 18:58:18) [MSC v.1900 64 bit (AMD64)]",
        "command_line_arguments": "D:\\University_folder\\Year 3\\Final year project_term2\\Project_unity\\FInal_Year_Project_JZ7767a\\venv\\Scripts\\mlagents-learn config/RL.yaml --run-id=RLAgent_2",
        "mlagents_version": "0.23.0",
        "mlagents_envs_version": "0.23.0",
        "communication_protocol_version": "1.3.0",
        "pytorch_version": "1.7.0+cu110",
        "numpy_version": "1.18.5",
        "end_time_seconds": "1619372287"
    },
    "total": 884.8533441,
    "count": 1,
    "self": 0.006067099999881975,
    "children": {
        "run_training.setup": {
            "total": 0.031472899999999804,
            "count": 1,
            "self": 0.031472899999999804
        },
        "TrainerController.start_learning": {
            "total": 884.8158041,
            "count": 1,
            "self": 3.71831359999544,
            "children": {
                "TrainerController._reset_env": {
                    "total": 22.5592507,
                    "count": 1,
                    "self": 22.5592507
                },
                "TrainerController.advance": {
                    "total": 858.4569588000046,
                    "count": 154407,
                    "self": 1.8682578999956831,
                    "children": {
                        "env_step": {
                            "total": 856.5887009000089,
                            "count": 154407,
                            "self": 676.8178917000247,
                            "children": {
                                "SubprocessEnvManager._take_step": {
                                    "total": 177.80873680000934,
                                    "count": 154407,
                                    "self": 6.919708999996459,
                                    "children": {
                                        "TorchPolicy.evaluate": {
                                            "total": 170.88902780001288,
                                            "count": 154407,
                                            "self": 44.995268500016095,
                                            "children": {
                                                "TorchPolicy.sample_actions": {
                                                    "total": 125.89375929999679,
                                                    "count": 154407,
                                                    "self": 125.89375929999679
                                                }
                                            }
                                        }
                                    }
                                },
                                "workers": {
                                    "total": 1.962072399974911,
                                    "count": 154406,
                                    "self": 0.0,
                                    "children": {
                                        "worker_root": {
                                            "total": 858.3615457999929,
                                            "count": 154406,
                                            "is_parallel": true,
                                            "self": 314.0543315999937,
                                            "children": {
                                                "steps_from_proto": {
                                                    "total": 0.00037090000000006285,
                                                    "count": 1,
                                                    "is_parallel": true,
                                                    "self": 0.00016850000000090404,
                                                    "children": {
                                                        "_process_vector_observation": {
                                                            "total": 0.0002023999999991588,
                                                            "count": 2,
                                                            "is_parallel": true,
                                                            "self": 0.0002023999999991588
                                                        }
                                                    }
                                                },
                                                "UnityEnvironment.step": {
                                                    "total": 544.3068432999992,
                                                    "count": 154406,
                                                    "is_parallel": true,
                                                    "self": 11.06456440001034,
                                                    "children": {
                                                        "UnityEnvironment._generate_step_input": {
                                                            "total": 8.884073699998876,
                                                            "count": 154406,
                                                            "is_parallel": true,
                                                            "self": 8.884073699998876
                                                        },
                                                        "communicator.exchange": {
                                                            "total": 490.66270450001133,
                                                            "count": 154406,
                                                            "is_parallel": true,