{
    "name": "root",
    "gauges": {
        "RLAgent.Policy.Entropy.mean": {
            "value": 0.611380398273468,
            "min": 0.5705893039703369,
            "max": 1.4319484233856201,
            "count": 19
        },
        "RLAgent.Environment.EpisodeLength.mean": {
            "value": 23.096153846153847,
            "min": 22.701421800947866,
            "max": 24.0,
            "count": 19
        },
        "RLAgent.Policy.ExtrinsicValueEstimate.mean": {
            "value": 0.6625093817710876,
            "min": 0.12790949642658234,
            "max": 0.6706674098968506,
            "count": 19
        },
        "RLAgent.Environment.CumulativeReward.mean": {
            "value": 0.9035928632902841,
            "min": 0.2513668848981236,
            "max": 0.9035928632902841,
            "count": 19
        },
        "RLAgent.Policy.ExtrinsicReward.mean": {
            "value": 0.9035928632902841,
            "min": 0.2513668848981236,
            "max": 0.9035928632902841,
            "count": 19
        },
        "RLAgent.Losses.PolicyLoss.mean": {
            "value": 0.24601880527168932,
            "min": 0.23882722809389495,
            "max": 0.2505568257505325,
            "count": 19
        },
        "RLAgent.Losses.ValueLoss.mean": {
            "value": 0.13340312574179608,
            "min": 0.010240298652903827,
            "max": 0.13340312574179608,
            "count": 19
        },
        "RLAgent.Policy.LearningRate.mean": {
            "value": 0.0002445052292125488,
            "min": 0.0002445052292125488,
            "max": 0.0002985000005,
            "count": 19
        },
        "RLAgent.Policy.Epsilon.mean": {
            "value": 0.1815017369047619,
            "min": 0.1815017369047619,
            "max": 0.19950000000000004,
            "count": 19
        },
        "RLAgent.Policy.Beta.mean": {
            "value": 0.00040935851083333334,
            "min": 0.00040935851083333334,
            "max": 0.0004975499999999999,
            "count": 19
        },
        "RLAgent.IsTraining.mean": {
            "value": 1.0,
            "min": 1.0,
            "max": 1.0,
            "count": 19
        }
    },
    "metadata": {
        "timer_format_version": "0.1.0",
        "start_time_seconds": "1619377515",
        "python_version": "3.7.9 (tags/v3.7.9:13c94747c7, Aug 17 2020, 18:58:18) [MSC v.1900 64 bit (AMD64)]",
        "command_line_arguments": "D:\\University_folder\\Year 3\\Final year project_term2\\Project_unity\\FInal_Year_Project_JZ7767a\\venv\\Scripts\\mlagents-learn config/RL.yaml --run-id=RLAgent_7",
        "mlagents_version": "0.23.0",
        "mlagents_envs_version": "0.23.0",
        "communication_protocol_version": "1.3.0",
        "pytorch_version": "1.7.0+cu110",
        "numpy_version": "1.18.5",
        "end_time_seconds": "1619378660"
    },
    "total": 1144.4785463,
    "count": 1,
    "self": 0.006371100000023944,
    "children": {
        "run_training.setup": {
            "total": 0.007837199999999989,
            "count": 1,
            "self": 0.007837199999999989
        },
        "TrainerController.start_learning": {
            "total": 1144.464338,
            "count": 1,
            "self": 4.839178199988737,
            "children": {
                "TrainerController._reset_env": {
                    "total": 6.4449723,
                    "count": 1,
                    "self": 6.4449723
                },
                "TrainerController.advance": {
                    "total": 1133.0875665000112,
                    "count": 194517,
                    "self": 2.5207560000080775,
                    "children": {
                        "env_step": {
                            "total": 1130.5668105000032,
                            "count": 194517,
                            "self": 897.3105376000736,
                            "children": {
                                "SubprocessEnvManager._take_step": {
                                    "total": 230.69202659997967,
                                    "count": 194517,
                                    "self": 8.865993100000082,
                                    "children": {
                                        "TorchPolicy.evaluate": {
                                            "total": 221.8260334999796,
                                            "count": 194517,
                                            "self": 58.28427909997367,
                                            "children": {
                                                "TorchPolicy.sample_actions": {
                                                    "total": 163.5417544000059,
                                                    "count": 194517,
                                                    "self": 163.5417544000059
                                                }
                                            }
                                        }
                                    }
                                },
                                "workers": {
                                    "total": 2.5642462999498337,
                                    "count": 194516,
                                    "self": 0.0,
                                    "children": {
                                        "worker_root": {
                                            "total": 1132.9090277999967,
                                            "count": 194516,
                                            "is_parallel": true,
                                            "self": 409.5579746999988,
                                            "children": {
                                                "steps_from_proto": {
                                                    "total": 0.00033320000000003347,
                                                    "count": 1,
                                                    "is_parallel": true,
                                                    "self": 0.00015529999999941424,
                                                    "children": {
                                                        "_process_vector_observation": {
                                                            "total": 0.00017790000000061923,
                                                            "count": 2,
                                                            "is_parallel": true,
                                                            "self": 0.00017790000000061923
                                                        }
                                                    }
                                                },
                                                "UnityEnvironment.step": {
                                                    "total": 723.3507198999979,
                                                    "count": 194516,
                                                    "is_parallel": true,
                                                    "self": 14.583507600001099,
                                                    "children": {
                                                        "UnityEnvironment._generate_step_input": {
                                                            "total": 11.894148700006,
                                                            "count": 194516,
                                                            "is_parallel": true,
                                                            "self": 11.894148700006
                                                        },
                                                        "communicator.exchange": {
                                                            "total": 652.455610299994,
                                                            "count": 194516,
                                                            "is_parallel": true,